config,scheme,run,prr,pir_ms,collision_frac,pssch_fail_frac,lat_p50_ms,lat_p95_ms,within_pdb,sel_count,backoff_frac,backoff_steps_mean,hd_excl_frac,rsrp_excl_frac
default,random,1.0,0.06965263157894737,666.2617152794077,0.94408,0.8340730710398957,25.60679300000057,165.25110220000016,0.4848118482696086,,,,,
default,random,2.0,0.062189473684210524,603.8404881036321,0.94256,0.8590312574564543,10.618097000000049,157.63538999999938,0.5688896411645227,,,,,
default,random,3.0,0.09675789473684211,729.8350812590014,0.93888,0.8042631119439535,5.857338000000212,123.89678900000067,0.7211705831157529,,,,,
default,random,4.0,0.048231578947368424,737.7914617585974,0.94696,0.8886945537579556,26.487134999999995,154.66583359999944,0.48035792230467045,,,,,
default,random,5.0,0.06328421052631579,712.848094923507,0.94308,0.8647773279352227,10.386458999999792,163.30151400000003,0.5372588157019295,,,,,
default,sensing,1.0,0.19109473684210526,157.44189777890577,0.8659932298103272,0.6651912507838147,11.876194000000062,150.173031,0.5799272887517902,104.0,0.8653846153846154,14.048076923076923,0.3865918803418803,0.5333962912087913
default,sensing,2.0,0.1546421052631579,199.3514709140731,0.8874067850015754,0.7306923796080732,11.618097000000382,157.97480700000023,0.5505411476414132,106.0,0.8867924528301887,15.88679245283019,0.396417340521114,0.4943096735549566
default,sensing,3.0,0.18221052631578946,165.45510356327273,0.8584579976985041,0.6771666759917193,9.893841000000236,145.59810800000017,0.6095320623916811,106.0,0.7830188679245284,13.377358490566039,0.35394953578915844,0.49477294848757114
default,sensing,4.0,0.1616736842105263,210.45224845341244,0.8548333333333333,0.7066205684596577,16.70736099999992,151.66519899999997,0.5423530177745947,112.0,0.9017857142857143,15.616071428571429,0.41303500566893425,0.4709458262471655
default,sensing,5.0,0.18330526315789475,154.6375252309166,0.8735638442689899,0.6812374153395571,11.301513999999901,150.20567899999992,0.5758010795911336,108.0,0.8055555555555556,13.851851851851851,0.37398956496178704,0.48741457231040564
retx1-sub10-mu1,random,1.0,0.8715578947368421,22.911373287987463,0.1,0.027507634484378672,9.668728000000293,17.41191200000003,0.9505785163892848,,,,,
retx1-sub10-mu1,random,2.0,0.8857894736842106,22.621016267179932,0.086,0.028470490440565252,11.445498000000054,17.293106000000336,0.966369578134284,,,,,
retx1-sub10-mu1,random,3.0,0.8469368421052632,24.088674770190437,0.1252,0.03833098271699376,9.651203999999858,17.54073899999975,0.9566860139947054,,,,,
retx1-sub10-mu1,random,4.0,0.8888421052631579,22.58487297821867,0.0902,0.025920841648690116,10.358740000000033,17.52300799999995,0.9557200378967314,,,,,
retx1-sub10-mu1,random,5.0,0.8724315789473684,23.040546143494453,0.0932,0.030461484470959817,9.337232000000029,17.422176999999817,0.9606785632412737,,,,,
retx1-sub10-mu1,sensing,1.0,0.9454421052631579,21.157371228856203,0.0,0.0008009878850582385,9.308433000000171,16.528650999999783,0.9872407228030329,103.0,0.0,0.0,0.059205519399693984,0.09499906171308226
retx1-sub10-mu1,sensing,2.0,0.9537157894736842,21.01231090489398,0.0,0.00019862945674843578,11.163398999999963,16.96127000000036,0.99033144597861,106.0,0.0,0.0,0.05755519914787388,0.09670454915044246
retx1-sub10-mu1,sensing,3.0,0.9380421052631579,21.206205444800755,0.0,0.0003253199914743726,9.00972099999997,17.449578999999993,0.9892160603272213,105.0,0.0,0.0,0.05735804578241532,0.09640009593581012
retx1-sub10-mu1,sensing,4.0,0.9496421052631578,21.11676729561313,0.0,0.00033242470580413535,9.85874000000031,17.122788,0.9881617451449853,110.0,0.0,0.0,0.0600813157430804,0.0947515463591666
retx1-sub10-mu1,sensing,5.0,0.9507684210526316,21.08906922750636,0.0,0.0003873481042077071,9.337232000000029,16.718357999999878,0.9890946934889231,108.0,0.0,0.0,0.05726346093993129,0.09363073926799426
retx1,random,1.0,0.5904,33.88952609138402,0.4136,0.15815384615384614,12.064206999999882,110.17303099999953,0.85121594636999,,,,,
retx1,random,2.0,0.5188,39.434747458722924,0.4846,0.2033040751337633,14.409779999999373,111.72058200000023,0.8415980197216248,,,,,
retx1,random,3.0,0.6089684210526316,34.7118896601123,0.3774,0.14371984251502323,11.50502100000006,103.89084899999989,0.8809894212818917,,,,,
retx1,random,4.0,0.6062842105263158,34.57989019108621,0.394,0.152960381187682,14.587069999999702,105.82861399999999,0.8659131551990555,,,,,
retx1,random,5.0,0.6018842105263158,36.170166282814876,0.4016,0.1529915416179063,12.386459000000016,110.52681500000006,0.8601934276570069,,,,,
retx1,sensing,1.0,0.8800947368421053,22.389753069031812,0.0432,0.014370255104446644,11.099672000000282,18.44117100000009,0.9693693262687031,103.0,0.0,0.0,0.12358992140545544,0.48373593774079204
retx1,sensing,2.0,0.8862842105263158,22.213198065446175,0.0368,0.012803526832299593,11.618096999999938,18.72058199999982,0.9774576291316793,106.0,0.0,0.0,0.11493336328241988,0.4708838724168912
retx1,sensing,3.0,0.9083473684210527,22.02961206805409,0.0,0.0007758221398795739,11.24552000000012,18.598107999999947,0.9804271493632161,105.0,0.0,0.0,0.12701814058956906,0.5014351851851853
retx1,sensing,4.0,0.882621052631579,22.57867532284165,0.04,0.014039956257422716,12.535948000000019,18.66586699999928,0.9719376498228959,111.0,0.0,0.0,0.1205312455312455,0.4834906334906335
retx1,sensing,5.0,0.8872736842105263,22.470670221897173,0.028,0.01100564361895599,11.878561999999704,18.228565000000252,0.9751812174490753,108.0,0.0,0.0,0.12407039976484402,0.48892563198118755
retx2-sub10-mu1,random,1.0,0.7785894736842105,25.88990944214394,0.1708,0.09907429963459197,6.888612000000016,64.59361000000018,0.9262363788767812,,,,,
retx2-sub10-mu1,random,2.0,0.7729368421052631,26.106461376051257,0.1731,0.10329962876123486,7.10883200000012,54.073760000000526,0.9328058396546324,,,,,
retx2-sub10-mu1,random,3.0,0.7414315789473684,27.14290995656245,0.1878,0.09765690054958429,6.259379999999926,66.58009499999994,0.9248395706740871,,,,,
retx2-sub10-mu1,random,4.0,0.7301684210526316,27.934072837515966,0.2258,0.13689528170416085,7.193982999999626,82.70158499999968,0.9117290891791368,,,,,
retx2-sub10-mu1,random,5.0,0.714421052631579,28.515573633941084,0.2065,0.1286429580177173,6.922176999999863,86.93881299999973,0.8999115956976573,,,,,
retx2-sub10-mu1,sensing,1.0,0.8889684210526316,22.4529150986418,0.0196,0.005159618329603015,6.599924999999729,15.41191200000025,0.9750982806801497,103.0,0.0,0.0,0.11841103879938863,0.18731438939891243
retx2-sub10-mu1,sensing,2.0,0.8920947368421053,22.54583658102219,0.0118,0.00666916711596615,6.653814999999952,14.313318999999769,0.9798581694179282,106.0,0.0,0.0,0.11511039829574776,0.18603551138096075
retx2-sub10-mu1,sensing,3.0,0.8966736842105263,22.402859301341223,0.011,0.000539716062419336,6.253972000000108,15.012046999999917,0.978857531930879,105.0,0.0,0.0,0.11471609156483109,0.18910014541947306
retx2-sub10-mu1,sensing,4.0,0.8756526315789473,23.112225013916028,0.0238,0.017213269694248853,6.693982999999903,15.348844000000028,0.9728683568346016,111.0,0.0,0.0,0.11908008525655589,0.1877223099281924
retx2-sub10-mu1,sensing,5.0,0.8761263157894736,23.004609570327577,0.019,0.011660768993279027,6.741396999999871,14.507108999999296,0.9718978277585544,108.0,0.0,0.0,0.11452692187986302,0.1819448334889513
retx2-sub10,random,1.0,0.6489578947368421,31.0054461028054,0.1906,0.10714130544975307,8.441171000000303,76.54006299999993,0.912572383254124,,,,,
retx2-sub10,random,2.0,0.6574631578947369,32.35767011240967,0.1769,0.09379896697812083,9.777600999999692,83.39295500000077,0.9113018139899774,,,,,
retx2-sub10,random,3.0,0.6503052631578947,32.031647655089216,0.17,0.08146242826132208,7.913860999999578,67.59810799999943,0.9236148205700966,,,,,
retx2-sub10,random,4.0,0.6644210526315789,31.126686686978942,0.1587,0.08706971362452993,9.823021999999959,70.56328300000025,0.916714195183777,,,,,
retx2-sub10,random,5.0,0.7023052631578948,29.493118276146017,0.1545,0.07195515495465421,9.301871999999989,64.40750400000006,0.9257332993600024,,,,,
retx2-sub10,sensing,1.0,0.7656526315789474,26.746640127790464,0.0116,0.005237964989059081,8.606792999999335,23.057891999999747,0.949984189614639,103.0,0.0,0.0,0.24717984281091088,0.17044797422744706
retx2-sub10,sensing,2.0,0.7892631578947369,25.55657528729271,0.0,0.0001600170684873053,8.39915400000013,17.635389999999695,0.9576020272072553,106.0,0.0,0.0,0.22986672656483986,0.16829924842054234
retx2-sub10,sensing,3.0,0.7817263157894737,26.289758669806318,0.0084,0.00026923698239190134,7.8938409999995685,17.476328999999957,0.9575298933534417,105.0,0.0,0.0,0.25403628117913835,0.1749632869020622
retx2-sub10,sensing,4.0,0.7643578947368421,26.89352498046097,0.0308,0.019551186843455484,8.828613999999568,24.66519899999975,0.9473242074531082,111.0,0.0,0.0,0.24106249106249145,0.17183135516468862
retx2-sub10,sensing,5.0,0.7630842105263158,26.665123536852313,0.0266,0.010996057244982878,9.22856499999991,23.706746000000223,0.9489605892982771,108.0,0.0,0.0,0.2481407995296886,0.16759399232944205
retx2,random,1.0,0.3347157894736842,64.97433122184476,0.6425,0.43622566575653343,10.173030999999888,130.17303099999998,0.737310522674382,,,,,
retx2,random,2.0,0.3128947368421053,93.20514140880674,0.6632,0.4532528923795685,10.925552000000227,124.06411700000008,0.7806560134566863,,,,,
retx2,random,3.0,0.3168105263157895,106.67677111591532,0.6967,0.4588525091249078,8.59810800000016,125.60862800000017,0.7462205535435426,,,,,
retx2,random,4.0,0.3092736842105263,76.06909104207334,0.6723,0.47309051128925234,12.48729000000015,123.65638999999985,0.7456519519417311,,,,,
retx2,random,5.0,0.34317894736842103,73.55748758821831,0.6652,0.44074105840981215,10.205679000000245,130.4075039999999,0.7388503772774676,,,,,
retx2,sensing,1.0,0.5201368421052631,40.19493578077051,0.4439,0.24841432808578598,10.173031000000776,109.30806999999999,0.8244389128367029,103.0,0.6019417475728155,8.330097087378642,0.24717984281091088,0.6138359146247496
retx2,sensing,2.0,0.5378631578947368,38.26632555617851,0.4644,0.25575332090421815,9.575002000000055,107.63538999999955,0.8457443685539269,106.0,0.6415094339622641,9.783018867924529,0.22986672656483986,0.6208408206049716
retx2,sensing,3.0,0.5175263157894737,49.181308747881516,0.5016,0.26033188403616725,8.913860999999912,105.59810800000058,0.8524763551306824,105.0,0.5428571428571428,7.809523809523809,0.25403628117913835,0.6179875283446712
retx2,sensing,4.0,0.5465157894736842,39.66127400986011,0.4559814870711339,0.2477251651790889,9.828613999999902,109.5870699999999,0.8358404437681773,111.0,0.6036036036036037,8.585585585585585,0.23926068926068955,0.6213865651365651
retx2,sensing,5.0,0.5438315789473684,39.25931830933315,0.4625,0.23155640171346978,9.386458999999903,109.19641000000001,0.843662898730257,108.0,0.5833333333333334,8.351851851851851,0.2481407995296886,0.6106527410346856
